module,controller_file,controller_id,action,internal_route,url,url_source,abstract_base,method,http_status,session,curl_error
api,api/controllers/AiChatController.php,ai-chat,incoming,api/ai-chat/incoming,webhook/amocrm/ai-chat,explicit_rule,no,GET,200,anon,
api,api/controllers/AiChatController.php,ai-chat,status,api/ai-chat/status,webhook/amocrm/ai-chat/status,explicit_rule,no,GET,200,anon,
api,api/controllers/AmocrmController.php,amocrm,create-order,api/amocrm/create-order,api/amocrm/create-order,explicit_rule,no,GET,401,anon,
api,api/controllers/AmocrmController.php,amocrm,products,api/amocrm/products,api/amocrm/products,explicit_rule,no,GET,401,anon,
api,api/controllers/AmocrmController.php,amocrm,order,api/amocrm/order,api/amocrm/order,explicit_rule,no,GET,401,anon,
api,api/controllers/AmocrmController.php,amocrm,sync,api/amocrm/sync,api/amocrm/sync,explicit_rule,no,GET,401,anon,
api,api/controllers/DocController.php,doc,index,api/doc/index,/api/doc/index,default_pattern_guess,no,GET,200,anon,
api,api/controllers/DocController.php,doc,json,api/doc/json,/api/doc/json,default_pattern_guess,no,GET,200,anon,
api,api/controllers/HealthController.php,health,live,api/health/live,/api/health/live,default_pattern_guess,no,GET,200,anon,
api,api/controllers/HealthController.php,health,ready,api/health/ready,/api/health/ready,default_pattern_guess,no,GET,200,anon,
api,api/controllers/HealthController.php,health,status,api/health/status,/api/health/status,default_pattern_guess,no,GET,403,anon,
api,api/controllers/WebhookController.php,webhook,dobropost,api/webhook/dobropost,api/webhook/dobropost,explicit_rule,no,GET,405,anon,
api,api/controllers/WebhookController.php,webhook,amocrm,api/webhook/amocrm,webhook/amocrm/event,explicit_rule,no,GET,503,anon,
api,api/controllers/WebhookController.php,webhook,lead-status-changed,api/webhook/lead-status-changed,webhook/amocrm/lead-status-changed,explicit_rule,no,GET,503,anon,
account,backend/modules/account/controllers/AccountController.php,account,index,account/account/index,account,explicit_rule,no,GET,302,anon,
account,backend/modules/account/controllers/AccountController.php,account,login,account/account/login,account/login,explicit_rule,no,GET,200,anon,
account,backend/modules/account/controllers/AccountController.php,account,register,account/account/register,account/register,explicit_rule,no,GET,200,anon,
account,backend/modules/account/controllers/AccountController.php,account,logout,account/account/logout,account/logout,explicit_rule,no,GET,302,anon,
account,backend/modules/account/controllers/AccountController.php,account,profile,account/account/profile,account/profile,explicit_rule,no,GET,302,anon,
account,backend/modules/account/controllers/AccountController.php,account,orders,account/account/orders,account/tracking,explicit_rule,no,GET,302,anon,
account,backend/modules/account/controllers/AccountController.php,account,order-view,account/account/order-view,"account/order/<id:\d+>",explicit_rule,no,GET,302,anon,
account,backend/modules/account/controllers/AccountController.php,account,settings,account/account/settings,account/settings,explicit_rule,no,GET,302,anon,
account,backend/modules/account/controllers/AccountController.php,account,forgot-password,account/account/forgot-password,account/forgot-password,explicit_rule,no,GET,200,anon,
account,backend/modules/account/controllers/AccountController.php,account,find-orders,account/account/find-orders,account/find-orders,explicit_rule,no,GET,200,anon,
account,backend/modules/account/controllers/AccountController.php,account,quick-access,account/account/quick-access,/account/account/quick-access,default_pattern_guess,no,GET,302,anon,
account,backend/modules/account/controllers/AccountController.php,account,save-passport,account/account/save-passport,account/save-passport,explicit_rule,no,GET,302,anon,
account,backend/modules/account/controllers/AccountController.php,account,wishlist,account/account/wishlist,account/favorites,explicit_rule,no,GET,302,anon,
account,backend/modules/account/controllers/AccountController.php,account,loyalty,account/account/loyalty,account/loyalty,explicit_rule,no,GET,302,anon,
account,backend/modules/account/controllers/LoyaltyController.php,loyalty,index,account/loyalty/index,/account/loyalty/index,default_pattern_guess,no,GET,302,anon,
account,backend/modules/account/controllers/LoyaltyController.php,loyalty,program,account/loyalty/program,/account/loyalty/program,default_pattern_guess,no,GET,302,anon,
account,backend/modules/account/controllers/LoyaltyController.php,loyalty,balance,account/loyalty/balance,account/loyalty/balance,explicit_rule,no,GET,302,anon,
account,backend/modules/account/controllers/ReturnController.php,return,index,account/return/index,account/returns,explicit_rule,no,GET,302,anon,
account,backend/modules/account/controllers/ReturnController.php,return,view,account/return/view,"account/returns/<id:\d+>",explicit_rule,no,GET,302,anon,
account,backend/modules/account/controllers/ReturnController.php,return,create,account/return/create,account/returns/create,explicit_rule,no,GET,302,anon,
admin,backend/modules/admin/controllers/ActivityLogController.php,activity-log,index,admin/activity-log/index,admin/order-history,explicit_rule,no,GET,200,admin,
admin,backend/modules/admin/controllers/ActivityLogController.php,activity-log,export-csv,admin/activity-log/export-csv,admin/activity-log/export-csv,explicit_rule,no,GET,200,admin,
admin,backend/modules/admin/controllers/ActivityLogController.php,activity-log,cleanup,admin/activity-log/cleanup,/admin/activity-log/cleanup,default_pattern_guess,no,GET,200,admin,
admin,backend/modules/admin/controllers/AdminController.php,admin,login,admin/admin/login,admin/login,explicit_rule,no,GET,302,admin,
admin,backend/modules/admin/controllers/AdminController.php,admin,logout,admin/admin/logout,admin/logout,explicit_rule,no,GET,405,admin,
admin,backend/modules/admin/controllers/AmoCrmController.php,amo-crm,create-deal,admin/amo-crm/create-deal,/admin/amo-crm/create-deal,default_pattern_guess,no,GET,400,admin,
admin,backend/modules/admin/controllers/AmoCrmController.php,amo-crm,update-status,admin/amo-crm/update-status,/admin/amo-crm/update-status,default_pattern_guess,no,GET,400,admin,
admin,backend/modules/admin/controllers/AmoCrmController.php,amo-crm,settings,admin/amo-crm/settings,/admin/amo-crm/settings,default_pattern_guess,no,GET,302,admin,
admin,backend/modules/admin/controllers/AnalyticsController.php,analytics,index,admin/analytics/index,admin/analytics,explicit_rule,no,GET,200,admin,
admin,backend/modules/admin/controllers/AnalyticsController.php,analytics,conversion,admin/analytics/conversion,admin/analytics/conversion,explicit_rule,no,GET,200,admin,
admin,backend/modules/admin/controllers/AnalyticsController.php,analytics,conversions,admin/analytics/conversions,/admin/analytics/conversions,default_pattern_guess,no,GET,200,admin,
admin,backend/modules/admin/controllers/AnalyticsController.php,analytics,sales,admin/analytics/sales,admin/analytics/sales,explicit_rule,no,GET,200,admin,
admin,backend/modules/admin/controllers/AnalyticsController.php,analytics,instagram,admin/analytics/instagram,/admin/analytics/instagram,default_pattern_guess,no,GET,200,admin,
admin,backend/modules/admin/controllers/AnalyticsController.php,analytics,rfm,admin/analytics/rfm,/admin/analytics/rfm,default_pattern_guess,no,GET,200,admin,
admin,backend/modules/admin/controllers/AnalyticsController.php,analytics,rfm-api,admin/analytics/rfm-api,/admin/analytics/rfm-api,default_pattern_guess,no,GET,200,admin,
admin,backend/modules/admin/controllers/AnalyticsController.php,analytics,team,admin/analytics/team,/admin/analytics/team,default_pattern_guess,no,GET,200,admin,
admin,backend/modules/admin/controllers/AnalyticsController.php,analytics,export-rfm,admin/analytics/export-rfm,/admin/analytics/export-rfm,default_pattern_guess,no,GET,200,admin,
admin,backend/modules/admin/controllers/AnalyticsController.php,analytics,export,admin/analytics/export,admin/analytics/export,explicit_rule,no,GET,200,admin,
admin,backend/modules/admin/controllers/AnalyticsController.php,analytics,chats,admin/analytics/chats,/admin/analytics/chats,default_pattern_guess,no,GET,200,admin,
admin,backend/modules/admin/controllers/AnalyticsController.php,analytics,amocrm,admin/analytics/amocrm,/admin/analytics/amocrm,default_pattern_guess,no,GET,200,admin,
admin,backend/modules/admin/controllers/AnalyticsController.php,analytics,moysklad,admin/analytics/moysklad,/admin/analytics/moysklad,default_pattern_guess,no,GET,200,admin,
admin,backend/modules/admin/controllers/AnalyticsController.php,analytics,summary,admin/analytics/summary,/admin/analytics/summary,default_pattern_guess,no,GET,200,admin,
admin,backend/modules/admin/controllers/AnalyticsController.php,analytics,export-chats,admin/analytics/export-chats,/admin/analytics/export-chats,default_pattern_guess,no,GET,200,admin,
admin,backend/modules/admin/controllers/AnalyticsController.php,analytics,export-orders,admin/analytics/export-orders,/admin/analytics/export-orders,default_pattern_guess,no,GET,200,admin,
admin,backend/modules/admin/controllers/AnalyticsController.php,analytics,export-customers,admin/analytics/export-customers,/admin/analytics/export-customers,default_pattern_guess,no,GET,200,admin,
admin,backend/modules/admin/controllers/AnalyticsController.php,analytics,export-deals,admin/analytics/export-deals,/admin/analytics/export-deals,default_pattern_guess,no,GET,200,admin,
admin,backend/modules/admin/controllers/AnalyticsController.php,analytics,export-products,admin/analytics/export-products,/admin/analytics/export-products,default_pattern_guess,no,GET,200,admin,
admin,backend/modules/admin/controllers/AutomationController.php,automation,index,admin/automation/index,admin/settings/triggers,explicit_rule,no,GET,200,admin,
admin,backend/modules/admin/controllers/AutomationController.php,automation,create,admin/automation/create,admin/settings/triggers/create,explicit_rule,no,GET,200,admin,
admin,backend/modules/admin/controllers/AutomationController.php,automation,update,admin/automation/update,"admin/settings/triggers/<id:\d+>/edit",explicit_rule,no,GET,200,admin,
admin,backend/modules/admin/controllers/AutomationController.php,automation,delete,admin/automation/delete,"admin/settings/triggers/<id:\d+>/delete",explicit_rule,no,GET,405,admin,
admin,backend/modules/admin/controllers/AutomationController.php,automation,toggle,admin/automation/toggle,"admin/settings/triggers/<id:\d+>/toggle",explicit_rule,no,GET,200,admin,
admin,backend/modules/admin/controllers/AutomationController.php,automation,log,admin/automation/log,admin/settings/triggers/log,explicit_rule,no,GET,200,admin,
admin,backend/modules/admin/controllers/BrandController.php,brand,index,admin/brand/index,admin/brand,explicit_rule,no,GET,200,admin,
admin,backend/modules/admin/controllers/BrandController.php,brand,view,admin/brand/view,"admin/brand/<id:\d+>",explicit_rule,no,GET,200,admin,
admin,backend/modules/admin/controllers/BrandController.php,brand,create,admin/brand/create,admin/brand/create,explicit_rule,no,GET,200,admin,
admin,backend/modules/admin/controllers/BrandController.php,brand,update,admin/brand/update,"admin/brand/<id:\d+>/edit",explicit_rule,no,GET,200,admin,
admin,backend/modules/admin/controllers/BrandController.php,brand,delete,admin/brand/delete,"admin/brand/<id:\d+>/delete",explicit_rule,no,GET,405,admin,
admin,backend/modules/admin/controllers/BrandController.php,brand,upload-logo,admin/brand/upload-logo,"admin/brand/<id:\d+>/upload-logo",explicit_rule,no,GET,400,admin,
admin,backend/modules/admin/controllers/BuyoutController.php,buyout,index,admin/buyout/index,admin/procurement/buyouts,explicit_rule,no,GET,200,admin,
admin,backend/modules/admin/controllers/BuyoutController.php,buyout,view,admin/buyout/view,"admin/buyout/<id:\d+>",explicit_rule,no,GET,404,admin,
admin,backend/modules/admin/controllers/BuyoutController.php,buyout,create,admin/buyout/create,admin/buyout/create,explicit_rule,no,GET,200,admin,
admin,backend/modules/admin/controllers/BuyoutController.php,buyout,update,admin/buyout/update,/admin/buyout/update,default_pattern_guess,no,GET,400,admin,
admin,backend/modules/admin/controllers/BuyoutController.php,buyout,delete,admin/buyout/delete,/admin/buyout/delete,default_pattern_guess,no,GET,405,admin,
admin,backend/modules/admin/controllers/BuyoutController.php,buyout,parse-url,admin/buyout/parse-url,admin/buyout/parse-url,explicit_rule,no,GET,200,admin,
admin,backend/modules/admin/controllers/BuyoutController.php,buyout,link-order,admin/buyout/link-order,"admin/buyout/<id:\d+>/link-order",explicit_rule,no,GET,200,admin,
admin,backend/modules/admin/controllers/BuyoutController.php,buyout,unlink-order,admin/buyout/unlink-order,"admin/buyout/<id:\d+>/unlink-order",explicit_rule,no,GET,200,admin,
admin,backend/modules/admin/controllers/BuyoutController.php,buyout,accept,admin/buyout/accept,"admin/buyout/<id:\d+>/accept",explicit_rule,no,GET,404,admin,
admin,backend/modules/admin/controllers/BuyoutController.php,buyout,cancel,admin/buyout/cancel,"admin/buyout/<id:\d+>/cancel",explicit_rule,no,GET,404,admin,
admin,backend/modules/admin/controllers/BuyoutController.php,buyout,bulk-status,admin/buyout/bulk-status,admin/buyout/bulk-status,explicit_rule,no,GET,200,admin,
admin,backend/modules/admin/controllers/BuyoutController.php,buyout,history,admin/buyout/history,"admin/buyout/<id:\d+>/history",explicit_rule,no,GET,404,admin,
admin,backend/modules/admin/controllers/BuyoutController.php,buyout,update-status,admin/buyout/update-status,/admin/buyout/update-status,default_pattern_guess,no,GET,200,admin,
admin,backend/modules/admin/controllers/CategoryController.php,category,index,admin/category/index,admin/category,explicit_rule,no,GET,200,admin,
admin,backend/modules/admin/controllers/CategoryController.php,category,view,admin/category/view,"admin/category/<id:\d+>",explicit_rule,no,GET,404,admin,
admin,backend/modules/admin/controllers/CategoryController.php,category,create,admin/category/create,admin/category/create,explicit_rule,no,GET,200,admin,
admin,backend/modules/admin/controllers/CategoryController.php,category,update,admin/category/update,"admin/category/<id:\d+>/edit",explicit_rule,no,GET,404,admin,
admin,backend/modules/admin/controllers/CategoryController.php,category,delete,admin/category/delete,"admin/category/<id:\d+>/delete",explicit_rule,no,GET,405,admin,
admin,backend/modules/admin/controllers/CategoryController.php,category,upload-image,admin/category/upload-image,"admin/category/<id:\d+>/upload-image",explicit_rule,no,GET,404,admin,
admin,backend/modules/admin/controllers/CharacteristicController.php,characteristic,guide,admin/characteristic/guide,admin/characteristic/guide,explicit_rule,no,GET,200,admin,
admin,backend/modules/admin/controllers/CharacteristicController.php,characteristic,index,admin/characteristic/index,admin/characteristic,explicit_rule,no,GET,200,admin,
admin,backend/modules/admin/controllers/CharacteristicController.php,characteristic,create,admin/characteristic/create,/admin/characteristic/create,default_pattern_guess,no,GET,200,admin,
admin,backend/modules/admin/controllers/CharacteristicController.php,characteristic,update,admin/characteristic/update,/admin/characteristic/update,default_pattern_guess,no,GET,400,admin,
admin,backend/modules/admin/controllers/CharacteristicController.php,characteristic,delete,admin/characteristic/delete,/admin/characteristic/delete,default_pattern_guess,no,GET,405,admin,
admin,backend/modules/admin/controllers/CharacteristicController.php,characteristic,delete-value,admin/characteristic/delete-value,/admin/characteristic/delete-value,default_pattern_guess,no,GET,405,admin,
admin,backend/modules/admin/controllers/CharacteristicController.php,characteristic,size-create,admin/characteristic/size-create,/admin/characteristic/size-create,default_pattern_guess,no,GET,200,admin,
admin,backend/modules/admin/controllers/CharacteristicController.php,characteristic,size-update,admin/characteristic/size-update,/admin/characteristic/size-update,default_pattern_guess,no,GET,400,admin,
admin,backend/modules/admin/controllers/CharacteristicController.php,characteristic,size-delete,admin/characteristic/size-delete,/admin/characteristic/size-delete,default_pattern_guess,no,GET,400,admin,
admin,backend/modules/admin/controllers/CharacteristicController.php,characteristic,size-add-item,admin/characteristic/size-add-item,/admin/characteristic/size-add-item,default_pattern_guess,no,GET,400,admin,
admin,backend/modules/admin/controllers/CharacteristicController.php,characteristic,size-delete-item,admin/characteristic/size-delete-item,/admin/characteristic/size-delete-item,default_pattern_guess,no,GET,400,admin,
admin,backend/modules/admin/controllers/CouponController.php,coupon,index,admin/coupon/index,/admin/coupon/index,default_pattern_guess,no,GET,200,admin,
admin,backend/modules/admin/controllers/CouponController.php,coupon,view,admin/coupon/view,/admin/coupon/view,default_pattern_guess,no,GET,400,admin,
admin,backend/modules/admin/controllers/CouponController.php,coupon,create,admin/coupon/create,/admin/coupon/create,default_pattern_guess,no,GET,200,admin,
admin,backend/modules/admin/controllers/CouponController.php,coupon,update,admin/coupon/update,/admin/coupon/update,default_pattern_guess,no,GET,400,admin,
admin,backend/modules/admin/controllers/CouponController.php,coupon,delete,admin/coupon/delete,/admin/coupon/delete,default_pattern_guess,no,GET,405,admin,
admin,backend/modules/admin/controllers/CouponController.php,coupon,toggle,admin/coupon/toggle,/admin/coupon/toggle,default_pattern_guess,no,GET,405,admin,
admin,backend/modules/admin/controllers/CouponController.php,coupon,statistics,admin/coupon/statistics,/admin/coupon/statistics,default_pattern_guess,no,GET,200,admin,
admin,backend/modules/admin/controllers/CouponController.php,coupon,generate-code,admin/coupon/generate-code,/admin/coupon/generate-code,default_pattern_guess,no,GET,200,admin,
admin,backend/modules/admin/controllers/CustomerController.php,customer,index,admin/customer/index,admin/customer,explicit_rule,no,GET,200,admin,
admin,backend/modules/admin/controllers/CustomerController.php,customer,quick-view,admin/customer/quick-view,admin/customer/quick-view,explicit_rule,no,GET,400,admin,
admin,backend/modules/admin/controllers/CustomerController.php,customer,view,admin/customer/view,"admin/customer/<id:\d+>",explicit_rule,no,GET,404,admin,
admin,backend/modules/admin/controllers/CustomerController.php,customer,update,admin/customer/update,"admin/customer/<id:\d+>/update",explicit_rule,no,GET,404,admin,
admin,backend/modules/admin/controllers/CustomerController.php,customer,toggle-status,admin/customer/toggle-status,"admin/customer/<id:\d+>/toggle-status",explicit_rule,no,GET,200,admin,
admin,backend/modules/admin/controllers/CustomerController.php,customer,delete,admin/customer/delete,"admin/customer/<id:\d+>/delete",explicit_rule,no,GET,405,admin,
admin,backend/modules/admin/controllers/CustomerController.php,customer,reset-password,admin/customer/reset-password,"admin/customer/<id:\d+>/reset-password",explicit_rule,no,GET,200,admin,
admin,backend/modules/admin/controllers/CustomerController.php,customer,export,admin/customer/export,admin/customer/export,explicit_rule,no,GET,200,admin,
admin,backend/modules/admin/controllers/CustomerController.php,customer,link-orders,admin/customer/link-orders,"admin/customer/<id:\d+>/link-orders",explicit_rule,no,GET,200,admin,
admin,backend/modules/admin/controllers/CustomerController.php,customer,add-note,admin/customer/add-note,admin/customer/add-note,explicit_rule,no,GET,400,admin,
admin,backend/modules/admin/controllers/CustomerController.php,customer,add-points,admin/customer/add-points,/admin/customer/add-points,default_pattern_guess,no,GET,400,admin,
admin,backend/modules/admin/controllers/CustomerController.php,customer,deduct-points,admin/customer/deduct-points,/admin/customer/deduct-points,default_pattern_guess,no,GET,400,admin,
admin,backend/modules/admin/controllers/CustomerController.php,customer,update-tags,admin/customer/update-tags,/admin/customer/update-tags,default_pattern_guess,no,GET,400,admin,
admin,backend/modules/admin/controllers/CustomerController.php,customer,adjust-points,admin/customer/adjust-points,admin/customer/adjust-points,explicit_rule,no,GET,200,admin,
admin,backend/modules/admin/controllers/CustomerController.php,customer,create-from-order,admin/customer/create-from-order,/admin/customer/create-from-order,default_pattern_guess,no,GET,200,admin,
admin,backend/modules/admin/controllers/CustomerController.php,customer,search,admin/customer/search,/admin/customer/search,default_pattern_guess,no,GET,200,admin,
admin,backend/modules/admin/controllers/CustomerController.php,customer,mark-phantoms,admin/customer/mark-phantoms,/admin/customer/mark-phantoms,default_pattern_guess,no,GET,200,admin,
admin,backend/modules/admin/controllers/CustomerController.php,customer,autocomplete,admin/customer/autocomplete,/admin/customer/autocomplete,default_pattern_guess,no,GET,200,admin,
admin,backend/modules/admin/controllers/DashboardController.php,dashboard,index,admin/dashboard/index,admin/dashboard,explicit_rule,no,GET,200,admin,
admin,backend/modules/admin/controllers/DashboardController.php,dashboard,image-health,admin/dashboard/image-health,/admin/dashboard/image-health,default_pattern_guess,no,GET,200,admin,
admin,backend/modules/admin/controllers/DashboardController.php,dashboard,cny-rate,admin/dashboard/cny-rate,/admin/dashboard/cny-rate,default_pattern_guess,no,GET,200,admin,
admin,backend/modules/admin/controllers/DashboardController.php,dashboard,update-cny-rate,admin/dashboard/update-cny-rate,/admin/dashboard/update-cny-rate,default_pattern_guess,no,GET,200,admin,
admin,backend/modules/admin/controllers/DashboardController.php,dashboard,profile,admin/dashboard/profile,admin/profile,explicit_rule,no,GET,200,admin,
admin,backend/modules/admin/controllers/DashboardController.php,dashboard,settings,admin/dashboard/settings,/admin/dashboard/settings,default_pattern_guess,no,GET,200,admin,
admin,backend/modules/admin/controllers/DashboardController.php,dashboard,logout,admin/dashboard/logout,/admin/dashboard/logout,default_pattern_guess,no,GET,302,admin,
admin,backend/modules/admin/controllers/DevToolsController.php,dev-tools,index,admin/dev-tools/index,/admin/dev-tools/index,default_pattern_guess,no,GET,302,admin,
admin,backend/modules/admin/controllers/DevToolsController.php,dev-tools,clear-cache,admin/dev-tools/clear-cache,/admin/dev-tools/clear-cache,default_pattern_guess,no,GET,302,admin,
admin,backend/modules/admin/controllers/DevToolsController.php,dev-tools,clear-logs,admin/dev-tools/clear-logs,/admin/dev-tools/clear-logs,default_pattern_guess,no,GET,302,admin,
admin,backend/modules/admin/controllers/DevToolsController.php,dev-tools,export-diagnostics,admin/dev-tools/export-diagnostics,/admin/dev-tools/export-diagnostics,default_pattern_guess,no,GET,302,admin,
admin,backend/modules/admin/controllers/EmailController.php,email,send,admin/email/send,/admin/email/send,default_pattern_guess,no,GET,302,admin,
admin,backend/modules/admin/controllers/EmailController.php,email,test,admin/email/test,/admin/email/test,default_pattern_guess,no,GET,302,admin,
admin,backend/modules/admin/controllers/EmailController.php,email,templates,admin/email/templates,/admin/email/templates,default_pattern_guess,no,GET,302,admin,
admin,backend/modules/admin/controllers/ExchangeRateController.php,exchange-rate,current,admin/exchange-rate/current,/admin/exchange-rate/current,default_pattern_guess,no,GET,302,admin,
admin,backend/modules/admin/controllers/ExchangeRateController.php,exchange-rate,update,admin/exchange-rate/update,/admin/exchange-rate/update,default_pattern_guess,no,GET,302,admin,
admin,backend/modules/admin/controllers/ExchangeRateController.php,exchange-rate,history,admin/exchange-rate/history,/admin/exchange-rate/history,default_pattern_guess,no,GET,302,admin,
admin,backend/modules/admin/controllers/ExchangeRateController.php,exchange-rate,settings,admin/exchange-rate/settings,/admin/exchange-rate/settings,default_pattern_guess,no,GET,302,admin,
admin,backend/modules/admin/controllers/FeedbackController.php,feedback,index,admin/feedback/index,admin/feedback,explicit_rule,no,GET,302,admin,
admin,backend/modules/admin/controllers/FeedbackController.php,feedback,reply,admin/feedback/reply,admin/feedback/reply,explicit_rule,no,GET,302,admin,
admin,backend/modules/admin/controllers/FeedbackController.php,feedback,delete,admin/feedback/delete,"admin/feedback/delete/<id:\d+>",explicit_rule,no,GET,302,admin,
admin,backend/modules/admin/controllers/FinanceController.php,finance,index,admin/finance/index,/admin/finance/index,default_pattern_guess,no,GET,302,admin,
admin,backend/modules/admin/controllers/FinanceController.php,finance,payments,admin/finance/payments,admin/finance/payments,explicit_rule,no,GET,302,admin,
admin,backend/modules/admin/controllers/FinanceController.php,finance,create-payment,admin/finance/create-payment,admin/finance/create-payment,explicit_rule,no,GET,302,admin,
admin,backend/modules/admin/controllers/FinanceController.php,finance,confirm-payment,admin/finance/confirm-payment,admin/finance/confirm-payment,explicit_rule,no,GET,302,admin,
admin,backend/modules/admin/controllers/FinanceController.php,finance,expenses,admin/finance/expenses,admin/finance/expenses,explicit_rule,no,GET,302,admin,
admin,backend/modules/admin/controllers/FinanceController.php,finance,create-expense,admin/finance/create-expense,admin/finance/operation/create,explicit_rule,no,GET,302,admin,
admin,backend/modules/admin/controllers/FinanceController.php,finance,pnl,admin/finance/pnl,admin/finance/pnl,explicit_rule,no,GET,302,admin,
admin,backend/modules/admin/controllers/FinanceController.php,finance,margin,admin/finance/margin,admin/finance/margin,explicit_rule,no,GET,302,admin,
admin,backend/modules/admin/controllers/HealthController.php,health,index,admin/health/index,/admin/health/index,default_pattern_guess,no,GET,200,admin,
admin,backend/modules/admin/controllers/ImportAjaxController.php,import-ajax,status,admin/import-ajax/status,/admin/import-ajax/status,default_pattern_guess,no,GET,302,admin,
admin,backend/modules/admin/controllers/ImportAjaxController.php,import-ajax,progress,admin/import-ajax/progress,/admin/import-ajax/progress,default_pattern_guess,no,GET,302,admin,
admin,backend/modules/admin/controllers/ImportAjaxController.php,import-ajax,stop,admin/import-ajax/stop,/admin/import-ajax/stop,default_pattern_guess,no,GET,302,admin,
admin,backend/modules/admin/controllers/ImportAjaxController.php,import-ajax,logs,admin/import-ajax/logs,/admin/import-ajax/logs,default_pattern_guess,no,GET,302,admin,
admin,backend/modules/admin/controllers/ImportAjaxController.php,import-ajax,running-tasks,admin/import-ajax/running-tasks,/admin/import-ajax/running-tasks,default_pattern_guess,no,GET,302,admin,
admin,backend/modules/admin/controllers/ImportAjaxController.php,import-ajax,source-status,admin/import-ajax/source-status,/admin/import-ajax/source-status,default_pattern_guess,no,GET,302,admin,
admin,backend/modules/admin/controllers/ImportAjaxController.php,import-ajax,stats,admin/import-ajax/stats,/admin/import-ajax/stats,default_pattern_guess,no,GET,302,admin,
admin,backend/modules/admin/controllers/ImportAjaxController.php,import-ajax,mark-notification-read,admin/import-ajax/mark-notification-read,/admin/import-ajax/mark-notification-read,default_pattern_guess,no,GET,302,admin,
admin,backend/modules/admin/controllers/ImportAjaxController.php,import-ajax,mark-all-notifications-read,admin/import-ajax/mark-all-notifications-read,/admin/import-ajax/mark-all-notifications-read,default_pattern_guess,no,GET,302,admin,
admin,backend/modules/admin/controllers/ImportAjaxController.php,import-ajax,notifications,admin/import-ajax/notifications,/admin/import-ajax/notifications,default_pattern_guess,no,GET,302,admin,
admin,backend/modules/admin/controllers/ImportController.php,import,index,admin/import/index,admin/import,explicit_rule,no,GET,302,admin,
admin,backend/modules/admin/controllers/ImportController.php,import,source,admin/import/source,"admin/import/source/<id:\d+>",explicit_rule,no,GET,302,admin,
admin,backend/modules/admin/controllers/ImportController.php,import,run,admin/import/run,"admin/import/run/<sourceId:\d+>",explicit_rule,no,GET,302,admin,
admin,backend/modules/admin/controllers/ImportController.php,import,run-all,admin/import/run-all,admin/import/run-all,explicit_rule,no,GET,302,admin,
admin,backend/modules/admin/controllers/ImportController.php,import,logs,admin/import/logs,admin/import/logs,explicit_rule,no,GET,302,admin,
admin,backend/modules/admin/controllers/ImportController.php,import,stats,admin/import/stats,admin/import/stats,explicit_rule,no,GET,302,admin,
admin,backend/modules/admin/controllers/ImportController.php,import,settings,admin/import/settings,admin/import/settings,explicit_rule,no,GET,302,admin,
admin,backend/modules/admin/controllers/ImportController.php,import,update-rates,admin/import/update-rates,/admin/import/update-rates,default_pattern_guess,no,GET,302,admin,
admin,backend/modules/admin/controllers/ImportController.php,import,check-proxies,admin/import/check-proxies,/admin/import/check-proxies,default_pattern_guess,no,GET,302,admin,
admin,backend/modules/admin/controllers/ImportController.php,import,upload,admin/import/upload,admin/import/upload,explicit_rule,no,GET,302,admin,
admin,backend/modules/admin/controllers/LoyaltyController.php,loyalty,index,admin/loyalty/index,/admin/loyalty/index,default_pattern_guess,no,GET,302,admin,
admin,backend/modules/admin/controllers/MarketingController.php,marketing,index,admin/marketing/index,/admin/marketing/index,default_pattern_guess,no,GET,302,admin,
admin,backend/modules/admin/controllers/MarketingController.php,marketing,abandoned-carts,admin/marketing/abandoned-carts,/admin/marketing/abandoned-carts,default_pattern_guess,no,GET,302,admin,
admin,backend/modules/admin/controllers/MarketingController.php,marketing,send-reminder,admin/marketing/send-reminder,/admin/marketing/send-reminder,default_pattern_guess,no,GET,302,admin,
admin,backend/modules/admin/controllers/MarketingController.php,marketing,send-bulk-reminders,admin/marketing/send-bulk-reminders,/admin/marketing/send-bulk-reminders,default_pattern_guess,no,GET,302,admin,
admin,backend/modules/admin/controllers/MarketingController.php,marketing,recommendations,admin/marketing/recommendations,/admin/marketing/recommendations,default_pattern_guess,no,GET,302,admin,
admin,backend/modules/admin/controllers/MarketingController.php,marketing,get-recommendations,admin/marketing/get-recommendations,/admin/marketing/get-recommendations,default_pattern_guess,no,GET,302,admin,
admin,backend/modules/admin/controllers/MarketingController.php,marketing,campaigns,admin/marketing/campaigns,admin/campaign,explicit_rule,no,GET,302,admin,
admin,backend/modules/admin/controllers/MoyskladController.php,moysklad,index,admin/moysklad/index,admin/plugin/moysklad,explicit_rule,no,GET,302,admin,
admin,backend/modules/admin/controllers/MoyskladController.php,moysklad,save-status-mapping,admin/moysklad/save-status-mapping,admin/plugin/moysklad/save-status-mapping,explicit_rule,no,GET,302,admin,
admin,backend/modules/admin/controllers/MoyskladController.php,moysklad,save-settings,admin/moysklad/save-settings,admin/plugin/moysklad/save-settings,explicit_rule,no,GET,302,admin,
admin,backend/modules/admin/controllers/MoyskladController.php,moysklad,sync-log,admin/moysklad/sync-log,admin/plugin/moysklad/sync-log,explicit_rule,no,GET,302,admin,
admin,backend/modules/admin/controllers/MoyskladController.php,moysklad,test-connection,admin/moysklad/test-connection,admin/plugin/moysklad/test-connection,explicit_rule,no,GET,302,admin,
admin,backend/modules/admin/controllers/MoyskladController.php,moysklad,save-credentials,admin/moysklad/save-credentials,admin/plugin/moysklad/save-credentials,explicit_rule,no,GET,302,admin,
admin,backend/modules/admin/controllers/MoyskladController.php,moysklad,save-mapping,admin/moysklad/save-mapping,admin/plugin/moysklad/save-mapping,explicit_rule,no,GET,302,admin,
admin,backend/modules/admin/controllers/MoyskladController.php,moysklad,push-all,admin/moysklad/push-all,admin/plugin/moysklad/push-all,explicit_rule,no,GET,302,admin,
admin,backend/modules/admin/controllers/MoyskladController.php,moysklad,periodic-sync,admin/moysklad/periodic-sync,admin/plugin/moysklad/periodic-sync,explicit_rule,no,GET,302,admin,
admin,backend/modules/admin/controllers/MoyskladController.php,moysklad,webhook-status,admin/moysklad/webhook-status,admin/plugin/moysklad/webhook-status,explicit_rule,no,GET,302,admin,
admin,backend/modules/admin/controllers/MoyskladController.php,moysklad,pull,admin/moysklad/pull,admin/plugin/moysklad/pull,explicit_rule,no,GET,302,admin,
admin,backend/modules/admin/controllers/MoyskladController.php,moysklad,push-order,admin/moysklad/push-order,admin/plugin/moysklad/push-order,explicit_rule,no,GET,302,admin,
admin,backend/modules/admin/controllers/MoyskladController.php,moysklad,sync-info,admin/moysklad/sync-info,admin/plugin/moysklad/sync-info,explicit_rule,no,GET,302,admin,
admin,backend/modules/admin/controllers/MoyskladController.php,moysklad,webhooks,admin/moysklad/webhooks,admin/plugin/moysklad/webhooks,explicit_rule,no,GET,302,admin,
admin,backend/modules/admin/controllers/MoyskladController.php,moysklad,register-webhook,admin/moysklad/register-webhook,admin/plugin/moysklad/register-webhook,explicit_rule,no,GET,302,admin,
admin,backend/modules/admin/controllers/MoyskladController.php,moysklad,delete-webhook,admin/moysklad/delete-webhook,admin/plugin/moysklad/delete-webhook,explicit_rule,no,GET,302,admin,
admin,backend/modules/admin/controllers/MoyskladController.php,moysklad,get-db-columns,admin/moysklad/get-db-columns,/admin/moysklad/get-db-columns,default_pattern_guess,no,GET,302,admin,
admin,backend/modules/admin/controllers/MoyskladController.php,moysklad,save-moysklad-mapping,admin/moysklad/save-moysklad-mapping,/admin/moysklad/save-moysklad-mapping,default_pattern_guess,no,GET,302,admin,
admin,backend/modules/admin/controllers/MoyskladController.php,moysklad,webhook,admin/moysklad/webhook,admin/moysklad/webhook,explicit_rule,no,GET,302,admin,
admin,backend/modules/admin/controllers/MoyskladController.php,moysklad,ms-images,admin/moysklad/ms-images,admin/moysklad/ms-images,explicit_rule,no,GET,302,admin,
admin,backend/modules/admin/controllers/MoyskladController.php,moysklad,ms-image,admin/moysklad/ms-image,admin/moysklad/ms-image,explicit_rule,no,GET,302,admin,
admin,backend/modules/admin/controllers/NotificationController.php,notification,index,admin/notification/index,/admin/notification/index,default_pattern_guess,no,GET,302,admin,
admin,backend/modules/admin/controllers/OrderApiController.php,order-api,update-field,admin/order-api/update-field,/admin/order-api/update-field,default_pattern_guess,no,GET,302,admin,
admin,backend/modules/admin/controllers/OrderApiController.php,order-api,add-note,admin/order-api/add-note,/admin/order-api/add-note,default_pattern_guess,no,GET,302,admin,
admin,backend/modules/admin/controllers/OrderApiController.php,order-api,history,admin/order-api/history,/admin/order-api/history,default_pattern_guess,no,GET,302,admin,
admin,backend/modules/admin/controllers/OrderApiController.php,order-api,change-status,admin/order-api/change-status,/admin/order-api/change-status,default_pattern_guess,no,GET,302,admin,
admin,backend/modules/admin/controllers/OrderController.php,order,index,admin/order/index,admin/order,explicit_rule,no,GET,302,admin,
admin,backend/modules/admin/controllers/OrderController.php,order,create,admin/order/create,admin/order/create,explicit_rule,no,GET,302,admin,
admin,backend/modules/admin/controllers/OrderController.php,order,view,admin/order/view,"admin/order/<id:\d+>",explicit_rule,no,GET,302,admin,
admin,backend/modules/admin/controllers/OrderController.php,order,update,admin/order/update,"admin/order/<id:\d+>/update",explicit_rule,no,GET,302,admin,
admin,backend/modules/admin/controllers/OrderController.php,order,change-status,admin/order/change-status,"admin/order/<id:\d+>/change-status",explicit_rule,no,GET,302,admin,
admin,backend/modules/admin/controllers/OrderController.php,order,save-buyout,admin/order/save-buyout,/admin/order/save-buyout,default_pattern_guess,no,GET,302,admin,
admin,backend/modules/admin/controllers/OrderController.php,order,set-logistics-status,admin/order/set-logistics-status,/admin/order/set-logistics-status,default_pattern_guess,no,GET,302,admin,
admin,backend/modules/admin/controllers/OrderController.php,order,assign-logist,admin/order/assign-logist,"admin/order/<id:\d+>/assign-logist",explicit_rule,no,GET,302,admin,
admin,backend/modules/admin/controllers/OrderController.php,order,export,admin/order/export,admin/order/export,explicit_rule,no,GET,302,admin,
admin,backend/modules/admin/controllers/OrderController.php,order,update-status,admin/order/update-status,/admin/order/update-status,default_pattern_guess,no,GET,302,admin,
admin,backend/modules/admin/controllers/OrderController.php,order,bulk-action,admin/order/bulk-action,/admin/order/bulk-action,default_pattern_guess,no,GET,302,admin,
admin,backend/modules/admin/controllers/OrderController.php,order,add-note,admin/order/add-note,/admin/order/add-note,default_pattern_guess,no,GET,302,admin,
admin,backend/modules/admin/controllers/OrderController.php,order,pdf,admin/order/pdf,/admin/order/pdf,default_pattern_guess,no,GET,302,admin,
admin,backend/modules/admin/controllers/OrderController.php,order,export-csv,admin/order/export-csv,/admin/order/export-csv,default_pattern_guess,no,GET,302,admin,
admin,backend/modules/admin/controllers/OrderController.php,order,update-field,admin/order/update-field,/admin/order/update-field,default_pattern_guess,no,GET,302,admin,
admin,backend/modules/admin/controllers/OrderController.php,order,bulk-update-status,admin/order/bulk-update-status,/admin/order/bulk-update-status,default_pattern_guess,no,GET,302,admin,
admin,backend/modules/admin/controllers/OrderController.php,order,bulk-assign-logist,admin/order/bulk-assign-logist,/admin/order/bulk-assign-logist,default_pattern_guess,no,GET,302,admin,
admin,backend/modules/admin/controllers/OrderController.php,order,bulk-update-field,admin/order/bulk-update-field,/admin/order/bulk-update-field,default_pattern_guess,no,GET,302,admin,
admin,backend/modules/admin/controllers/OrderController.php,order,save-field,admin/order/save-field,/admin/order/save-field,default_pattern_guess,no,GET,302,admin,
admin,backend/modules/admin/controllers/OrderController.php,order,sync-moysklad,admin/order/sync-moysklad,/admin/order/sync-moysklad,default_pattern_guess,no,GET,302,admin,
admin,backend/modules/admin/controllers/OrderController.php,order,pvz-search,admin/order/pvz-search,/admin/order/pvz-search,default_pattern_guess,no,GET,302,admin,
admin,backend/modules/admin/controllers/OrderController.php,order,check-track,admin/order/check-track,/admin/order/check-track,default_pattern_guess,no,GET,302,admin,
admin,backend/modules/admin/controllers/OrderController.php,order,send-to-dp,admin/order/send-to-dp,"admin/order/<id:\d+>/send-to-dp",explicit_rule,no,GET,302,admin,
admin,backend/modules/admin/controllers/OrderController.php,order,dp-status,admin/order/dp-status,"admin/order/<id:\d+>/dp-status",explicit_rule,no,GET,302,admin,
admin,backend/modules/admin/controllers/OrderController.php,order,retry-dp,admin/order/retry-dp,"admin/order/<id:\d+>/retry-dp",explicit_rule,no,GET,302,admin,
admin,backend/modules/admin/controllers/OrderController.php,order,update-items,admin/order/update-items,"admin/order/<id:\d+>/update-items",explicit_rule,no,GET,302,admin,
admin,backend/modules/admin/controllers/OrderController.php,order,upload-file,admin/order/upload-file,/admin/order/upload-file,default_pattern_guess,no,GET,302,admin,
admin,backend/modules/admin/controllers/OrderController.php,order,auto-fill-dp,admin/order/auto-fill-dp,/admin/order/auto-fill-dp,default_pattern_guess,no,GET,302,admin,
admin,backend/modules/admin/controllers/OrderController.php,order,clean-bad-import,admin/order/clean-bad-import,admin/order/clean-bad-import,explicit_rule,no,GET,302,admin,
admin,backend/modules/admin/controllers/OrderController.php,order,save-item-field,admin/order/save-item-field,/admin/order/save-item-field,default_pattern_guess,no,GET,302,admin,
admin,backend/modules/admin/controllers/OrderController.php,order,add-item,admin/order/add-item,/admin/order/add-item,default_pattern_guess,no,GET,302,admin,
admin,backend/modules/admin/controllers/OrderController.php,order,delete-item,admin/order/delete-item,/admin/order/delete-item,default_pattern_guess,no,GET,302,admin,
admin,backend/modules/admin/controllers/OrderController.php,order,autocomplete,admin/order/autocomplete,/admin/order/autocomplete,default_pattern_guess,no,GET,302,admin,
admin,backend/modules/admin/controllers/PageController.php,page,index,admin/page/index,/admin/page/index,default_pattern_guess,no,GET,302,admin,
admin,backend/modules/admin/controllers/PageController.php,page,edit,admin/page/edit,/admin/page/edit,default_pattern_guess,no,GET,302,admin,
admin,backend/modules/admin/controllers/PageController.php,page,autosave,admin/page/autosave,/admin/page/autosave,default_pattern_guess,no,GET,302,admin,
admin,backend/modules/admin/controllers/PageController.php,page,upload-image,admin/page/upload-image,/admin/page/upload-image,default_pattern_guess,no,GET,302,admin,
admin,backend/modules/admin/controllers/PageController.php,page,restore-revision,admin/page/restore-revision,/admin/page/restore-revision,default_pattern_guess,no,GET,302,admin,
admin,backend/modules/admin/controllers/PageController.php,page,save,admin/page/save,/admin/page/save,default_pattern_guess,no,GET,302,admin,
admin,backend/modules/admin/controllers/PdfController.php,pdf,invoice,admin/pdf/invoice,/admin/pdf/invoice,default_pattern_guess,no,GET,302,admin,
admin,backend/modules/admin/controllers/PdfController.php,pdf,public,admin/pdf/public,/admin/pdf/public,default_pattern_guess,no,GET,302,admin,
admin,backend/modules/admin/controllers/PdfController.php,pdf,print,admin/pdf/print,/admin/pdf/print,default_pattern_guess,no,GET,302,admin,
admin,backend/modules/admin/controllers/PluginController.php,plugin,index,admin/plugin/index,admin/plugin,explicit_rule,no,GET,302,admin,
admin,backend/modules/admin/controllers/PluginController.php,plugin,toggle,admin/plugin/toggle,/admin/plugin/toggle,default_pattern_guess,no,GET,302,admin,
admin,backend/modules/admin/controllers/PluginController.php,plugin,settings,admin/plugin/settings,/admin/plugin/settings,default_pattern_guess,no,GET,302,admin,
admin,backend/modules/admin/controllers/PluginController.php,plugin,moysklad,admin/plugin/moysklad,/admin/plugin/moysklad,default_pattern_guess,no,GET,302,admin,
admin,backend/modules/admin/controllers/PluginController.php,plugin,amocrm,admin/plugin/amocrm,admin/plugin/amocrm,explicit_rule,no,GET,302,admin,
admin,backend/modules/admin/controllers/PluginController.php,plugin,amocrm-authorize,admin/plugin/amocrm-authorize,admin/plugin/amocrm/authorize,explicit_rule,no,GET,302,admin,
admin,backend/modules/admin/controllers/PluginController.php,plugin,amocrm-callback,admin/plugin/amocrm-callback,admin/plugin/amocrm/callback,explicit_rule,no,GET,302,admin,
admin,backend/modules/admin/controllers/PluginController.php,plugin,amocrm-save,admin/plugin/amocrm-save,/admin/plugin/amocrm-save,default_pattern_guess,no,GET,302,admin,
admin,backend/modules/admin/controllers/PluginController.php,plugin,amocrm-test,admin/plugin/amocrm-test,/admin/plugin/amocrm-test,default_pattern_guess,no,GET,302,admin,
admin,backend/modules/admin/controllers/PluginController.php,plugin,amocrm-sync,admin/plugin/amocrm-sync,admin/plugin/amocrm/sync,explicit_rule,no,GET,302,admin,
admin,backend/modules/admin/controllers/PluginController.php,plugin,amocrm-logs,admin/plugin/amocrm-logs,admin/plugin/amocrm/logs,explicit_rule,no,GET,302,admin,
admin,backend/modules/admin/controllers/PluginController.php,plugin,amocrm-stats,admin/plugin/amocrm-stats,admin/plugin/amocrm/stats,explicit_rule,no,GET,302,admin,
admin,backend/modules/admin/controllers/PluginController.php,plugin,amocrm-fields,admin/plugin/amocrm-fields,admin/plugin/amocrm/fields,explicit_rule,no,GET,302,admin,
admin,backend/modules/admin/controllers/PluginController.php,plugin,amocrm-fields-save,admin/plugin/amocrm-fields-save,admin/plugin/amocrm/fields-save,explicit_rule,no,GET,302,admin,
admin,backend/modules/admin/controllers/PluginController.php,plugin,amocrm-fields-delete,admin/plugin/amocrm-fields-delete,admin/plugin/amocrm/fields-delete,explicit_rule,no,GET,302,admin,
admin,backend/modules/admin/controllers/PluginController.php,plugin,amocrm-pipelines,admin/plugin/amocrm-pipelines,admin/plugin/amocrm/pipelines,explicit_rule,no,GET,302,admin,
admin,backend/modules/admin/controllers/PluginController.php,plugin,amocrm-status-map-save,admin/plugin/amocrm-status-map-save,admin/plugin/amocrm/status-map-save,explicit_rule,no,GET,302,admin,
admin,backend/modules/admin/controllers/PluginController.php,plugin,amocrm-widget,admin/plugin/amocrm-widget,admin/plugin/amocrm-widget,explicit_rule,no,GET,302,admin,
admin,backend/modules/admin/controllers/PluginController.php,plugin,amocrm-widget-key,admin/plugin/amocrm-widget-key,admin/plugin/amocrm-widget/key,explicit_rule,no,GET,302,admin,
admin,backend/modules/admin/controllers/PluginController.php,plugin,telegram,admin/plugin/telegram,admin/plugin/telegram,explicit_rule,no,GET,302,admin,
admin,backend/modules/admin/controllers/PluginController.php,plugin,currency,admin/plugin/currency,admin/plugin/currency,explicit_rule,no,GET,302,admin,
admin,backend/modules/admin/controllers/PluginController.php,plugin,dobropost,admin/plugin/dobropost,admin/plugin/dobropost,explicit_rule,no,GET,302,admin,
admin,backend/modules/admin/controllers/PluginController.php,plugin,lamoda,admin/plugin/lamoda,/admin/plugin/lamoda,default_pattern_guess,no,GET,302,admin,
admin,backend/modules/admin/controllers/PluginController.php,plugin,lamoda-parser,admin/plugin/lamoda-parser,admin/plugin/lamoda-parser,explicit_rule,no,GET,302,admin,
admin,backend/modules/admin/controllers/PluginController.php,plugin,lamoda-run,admin/plugin/lamoda-run,admin/plugin/lamoda-parser/run,explicit_rule,no,GET,302,admin,
admin,backend/modules/admin/controllers/PluginController.php,plugin,lamoda-status,admin/plugin/lamoda-status,admin/plugin/lamoda-parser/status,explicit_rule,no,GET,302,admin,
admin,backend/modules/admin/controllers/PluginController.php,plugin,lamoda-save-schedule,admin/plugin/lamoda-save-schedule,admin/plugin/lamoda-parser/schedule,explicit_rule,no,GET,302,admin,
admin,backend/modules/admin/controllers/PoizonController.php,poizon,index,admin/poizon/index,admin/poizon,explicit_rule,no,GET,302,admin,
admin,backend/modules/admin/controllers/PoizonController.php,poizon,run,admin/poizon/run,admin/poizon/run,explicit_rule,no,GET,302,admin,
admin,backend/modules/admin/controllers/PoizonController.php,poizon,view,admin/poizon/view,"admin/poizon/<id:\d+>",explicit_rule,no,GET,302,admin,
admin,backend/modules/admin/controllers/PoizonController.php,poizon,view-log,admin/poizon/view-log,admin/poizon/logs,explicit_rule,no,GET,302,admin,
admin,backend/modules/admin/controllers/PoizonController.php,poizon,delete,admin/poizon/delete,"admin/poizon/<id:\d+>/delete",explicit_rule,no,GET,302,admin,
admin,backend/modules/admin/controllers/PoizonController.php,poizon,errors,admin/poizon/errors,/admin/poizon/errors,default_pattern_guess,no,GET,302,admin,
admin,backend/modules/admin/controllers/ProcurementController.php,procurement,suppliers,admin/procurement/suppliers,admin/procurement/suppliers,explicit_rule,no,GET,302,admin,
admin,backend/modules/admin/controllers/ProcurementController.php,procurement,supplier,admin/procurement/supplier,/admin/procurement/supplier,default_pattern_guess,no,GET,302,admin,
admin,backend/modules/admin/controllers/ProcurementController.php,procurement,supplier-save,admin/procurement/supplier-save,admin/procurement/supplier-save,explicit_rule,no,GET,302,admin,
admin,backend/modules/admin/controllers/ProcurementController.php,procurement,supplier-delete,admin/procurement/supplier-delete,admin/procurement/supplier-delete,explicit_rule,no,GET,302,admin,
admin,backend/modules/admin/controllers/ProcurementController.php,procurement,index,admin/procurement/index,admin/procurement,explicit_rule,no,GET,302,admin,
admin,backend/modules/admin/controllers/ProcurementController.php,procurement,create,admin/procurement/create,admin/procurement/create,explicit_rule,no,GET,302,admin,
admin,backend/modules/admin/controllers/ProcurementController.php,procurement,view,admin/procurement/view,"admin/procurement/view/<id:\d+>",explicit_rule,no,GET,302,admin,
admin,backend/modules/admin/controllers/ProcurementController.php,procurement,update-status,admin/procurement/update-status,admin/procurement/update-status,explicit_rule,no,GET,302,admin,
admin,backend/modules/admin/controllers/ProcurementController.php,procurement,receiving,admin/procurement/receiving,/admin/procurement/receiving,default_pattern_guess,no,GET,302,admin,
admin,backend/modules/admin/controllers/ProcurementController.php,procurement,receive-items,admin/procurement/receive-items,admin/procurement/receive-items,explicit_rule,no,GET,302,admin,
admin,backend/modules/admin/controllers/ProcurementController.php,procurement,returns,admin/procurement/returns,admin/procurement/returns,explicit_rule,no,GET,302,admin,
admin,backend/modules/admin/controllers/ProcurementController.php,procurement,create-return,admin/procurement/create-return,"admin/procurement/create-return/<purchaseOrderId:\d+>",explicit_rule,no,GET,302,admin,
admin,backend/modules/admin/controllers/ProcurementController.php,procurement,view-return,admin/procurement/view-return,"admin/procurement/view-return/<id:\d+>",explicit_rule,no,GET,302,admin,
admin,backend/modules/admin/controllers/ProcurementController.php,procurement,update-return-status,admin/procurement/update-return-status,admin/procurement/update-return-status,explicit_rule,no,GET,302,admin,
admin,backend/modules/admin/controllers/ProductController.php,product,index,admin/product/index,admin/product,explicit_rule,no,GET,302,admin,
admin,backend/modules/admin/controllers/ProductController.php,product,fix-brand,admin/product/fix-brand,admin/catalog/fix-brand,explicit_rule,no,GET,302,admin,
admin,backend/modules/admin/controllers/ProductController.php,product,create,admin/product/create,admin/product/create,explicit_rule,no,GET,302,admin,
admin,backend/modules/admin/controllers/ProductController.php,product,view,admin/product/view,"admin/product/<id:\d+>",explicit_rule,no,GET,302,admin,
admin,backend/modules/admin/controllers/ProductController.php,product,edit,admin/product/edit,"admin/product/<id:\d+>/edit",explicit_rule,no,GET,302,admin,
admin,backend/modules/admin/controllers/ProductController.php,product,toggle,admin/product/toggle,"admin/product/<id:\d+>/toggle",explicit_rule,no,GET,302,admin,
admin,backend/modules/admin/controllers/ProductController.php,product,delete,admin/product/delete,"admin/product/<id:\d+>/delete",explicit_rule,no,GET,302,admin,
admin,backend/modules/admin/controllers/ProductController.php,product,sync,admin/product/sync,"admin/product/<id:\d+>/sync",explicit_rule,no,GET,302,admin,
admin,backend/modules/admin/controllers/ProductController.php,product,add-size,admin/product/add-size,"admin/product/<productId:\d+>/add-size",explicit_rule,no,GET,302,admin,
admin,backend/modules/admin/controllers/ProductController.php,product,add-sizes-from-grid,admin/product/add-sizes-from-grid,"admin/product/<productId:\d+>/add-sizes-grid/<gridId:\d+>",explicit_rule,no,GET,302,admin,
admin,backend/modules/admin/controllers/ProductController.php,product,edit-size,admin/product/edit-size,"admin/product/size/<id:\d+>/edit",explicit_rule,no,GET,302,admin,
admin,backend/modules/admin/controllers/ProductController.php,product,delete-size,admin/product/delete-size,"admin/product/size/<id:\d+>/delete",explicit_rule,no,GET,302,admin,
admin,backend/modules/admin/controllers/ProductController.php,product,add-image,admin/product/add-image,"admin/product/<productId:\d+>/add-image",explicit_rule,no,GET,302,admin,
admin,backend/modules/admin/controllers/ProductController.php,product,delete-image,admin/product/delete-image,"admin/product/image/<id:\d+>/delete",explicit_rule,no,GET,302,admin,
admin,backend/modules/admin/controllers/ProductController.php,product,set-main-image,admin/product/set-main-image,"admin/product/image/<id:\d+>/set-main",explicit_rule,no,GET,302,admin,
admin,backend/modules/admin/controllers/ProductController.php,product,bulk-update,admin/product/bulk-update,admin/product/bulk-update,explicit_rule,no,GET,302,admin,
admin,backend/modules/admin/controllers/ProductController.php,product,bulk-delete,admin/product/bulk-delete,admin/product/bulk-delete,explicit_rule,no,GET,302,admin,
admin,backend/modules/admin/controllers/ProductController.php,product,export,admin/product/export,admin/product/export,explicit_rule,no,GET,302,admin,
admin,backend/modules/admin/controllers/ProductController.php,product,clone,admin/product/clone,admin/product/clone,explicit_rule,no,GET,302,admin,
admin,backend/modules/admin/controllers/ProductController.php,product,bulk-price,admin/product/bulk-price,/admin/product/bulk-price,default_pattern_guess,no,GET,302,admin,
admin,backend/modules/admin/controllers/ProductController.php,product,bulk-update-price,admin/product/bulk-update-price,/admin/product/bulk-update-price,default_pattern_guess,no,GET,302,admin,
admin,backend/modules/admin/controllers/ProductController.php,product,export-csv,admin/product/export-csv,/admin/product/export-csv,default_pattern_guess,no,GET,302,admin,
admin,backend/modules/admin/controllers/ProductController.php,product,update-price,admin/product/update-price,admin/product/update-price,explicit_rule,no,GET,302,admin,
admin,backend/modules/admin/controllers/ProductController.php,product,update-field,admin/product/update-field,admin/product/update-field,explicit_rule,no,GET,302,admin,
admin,backend/modules/admin/controllers/ProductController.php,product,toggle-active,admin/product/toggle-active,admin/product/toggle-active,explicit_rule,no,GET,302,admin,
admin,backend/modules/admin/controllers/ProductController.php,product,save-sizes-data,admin/product/save-sizes-data,/admin/product/save-sizes-data,default_pattern_guess,no,GET,302,admin,
admin,backend/modules/admin/controllers/ProductController.php,product,update-size-price,admin/product/update-size-price,/admin/product/update-size-price,default_pattern_guess,no,GET,302,admin,
admin,backend/modules/admin/controllers/ProductController.php,product,save-field,admin/product/save-field,/admin/product/save-field,default_pattern_guess,no,GET,302,admin,
admin,backend/modules/admin/controllers/ProductController.php,product,inline-update,admin/product/inline-update,/admin/product/inline-update,default_pattern_guess,no,GET,302,admin,
admin,backend/modules/admin/controllers/ProductController.php,product,sync-poizon,admin/product/sync-poizon,admin/product/sync-poizon,explicit_rule,no,GET,302,admin,
admin,backend/modules/admin/controllers/ProductTagController.php,product-tag,index,admin/product-tag/index,/admin/product-tag/index,default_pattern_guess,no,GET,302,admin,
admin,backend/modules/admin/controllers/ProductTagController.php,product-tag,create,admin/product-tag/create,/admin/product-tag/create,default_pattern_guess,no,GET,302,admin,
admin,backend/modules/admin/controllers/ProductTagController.php,product-tag,update,admin/product-tag/update,/admin/product-tag/update,default_pattern_guess,no,GET,302,admin,
admin,backend/modules/admin/controllers/ProductTagController.php,product-tag,delete,admin/product-tag/delete,/admin/product-tag/delete,default_pattern_guess,no,GET,302,admin,
admin,backend/modules/admin/controllers/ProductTagController.php,product-tag,assign,admin/product-tag/assign,/admin/product-tag/assign,default_pattern_guess,no,GET,302,admin,
admin,backend/modules/admin/controllers/ProductTagController.php,product-tag,get-product-tags,admin/product-tag/get-product-tags,/admin/product-tag/get-product-tags,default_pattern_guess,no,GET,302,admin,
admin,backend/modules/admin/controllers/ProductTagController.php,product-tag,toggle-active,admin/product-tag/toggle-active,/admin/product-tag/toggle-active,default_pattern_guess,no,GET,302,admin,
admin,backend/modules/admin/controllers/ReceivingController.php,receiving,index,admin/receiving/index,admin/receiving,explicit_rule,no,GET,302,admin,
admin,backend/modules/admin/controllers/ReceivingController.php,receiving,view,admin/receiving/view,"admin/receiving/<id:\d+>",explicit_rule,no,GET,302,admin,
admin,backend/modules/admin/controllers/ReceivingController.php,receiving,create,admin/receiving/create,admin/receiving/create,explicit_rule,no,GET,302,admin,
admin,backend/modules/admin/controllers/ReceivingController.php,receiving,update,admin/receiving/update,"admin/receiving/<id:\d+>/update",explicit_rule,no,GET,302,admin,
admin,backend/modules/admin/controllers/ReceivingController.php,receiving,save-field,admin/receiving/save-field,admin/receiving/save-field,explicit_rule,no,GET,302,admin,
admin,backend/modules/admin/controllers/ReceivingController.php,receiving,set-status,admin/receiving/set-status,admin/receiving/set-status,explicit_rule,no,GET,302,admin,
admin,backend/modules/admin/controllers/ReceivingController.php,receiving,add-item,admin/receiving/add-item,admin/receiving/add-item,explicit_rule,no,GET,302,admin,
admin,backend/modules/admin/controllers/ReceivingController.php,receiving,update-item,admin/receiving/update-item,admin/receiving/update-item,explicit_rule,no,GET,302,admin,
admin,backend/modules/admin/controllers/ReceivingController.php,receiving,remove-item,admin/receiving/remove-item,admin/receiving/remove-item,explicit_rule,no,GET,302,admin,
admin,backend/modules/admin/controllers/ReceivingController.php,receiving,add-expense,admin/receiving/add-expense,admin/receiving/add-expense,explicit_rule,no,GET,302,admin,
admin,backend/modules/admin/controllers/ReceivingController.php,receiving,update-expense,admin/receiving/update-expense,admin/receiving/update-expense,explicit_rule,no,GET,302,admin,
admin,backend/modules/admin/controllers/ReceivingController.php,receiving,remove-expense,admin/receiving/remove-expense,admin/receiving/remove-expense,explicit_rule,no,GET,302,admin,
admin,backend/modules/admin/controllers/ReceivingController.php,receiving,redistribute,admin/receiving/redistribute,admin/receiving/redistribute,explicit_rule,no,GET,302,admin,
admin,backend/modules/admin/controllers/ReceivingController.php,receiving,upload-document,admin/receiving/upload-document,admin/receiving/upload-document,explicit_rule,no,GET,302,admin,
admin,backend/modules/admin/controllers/ReceivingController.php,receiving,delete-document,admin/receiving/delete-document,admin/receiving/delete-document,explicit_rule,no,GET,302,admin,
admin,backend/modules/admin/controllers/ReceivingController.php,receiving,accept,admin/receiving/accept,admin/receiving/accept,explicit_rule,no,GET,302,admin,
admin,backend/modules/admin/controllers/ReceivingController.php,receiving,cancel,admin/receiving/cancel,admin/receiving/cancel,explicit_rule,no,GET,302,admin,
admin,backend/modules/admin/controllers/ReceivingController.php,receiving,from-buyout,admin/receiving/from-buyout,"admin/receiving/from-buyout/<buyoutId:\d+>",explicit_rule,no,GET,302,admin,
admin,backend/modules/admin/controllers/ReceivingController.php,receiving,products,admin/receiving/products,admin/receiving/products,explicit_rule,no,GET,302,admin,
admin,backend/modules/admin/controllers/ReturnController.php,return,index,admin/return/index,admin/order-return,explicit_rule,no,GET,302,admin,
admin,backend/modules/admin/controllers/ReturnController.php,return,create,admin/return/create,/admin/return/create,default_pattern_guess,no,GET,302,admin,
admin,backend/modules/admin/controllers/ReturnController.php,return,view,admin/return/view,/admin/return/view,default_pattern_guess,no,GET,302,admin,
admin,backend/modules/admin/controllers/ReturnController.php,return,approve,admin/return/approve,/admin/return/approve,default_pattern_guess,no,GET,302,admin,
admin,backend/modules/admin/controllers/ReturnController.php,return,reject,admin/return/reject,/admin/return/reject,default_pattern_guess,no,GET,302,admin,
admin,backend/modules/admin/controllers/ReturnController.php,return,process,admin/return/process,/admin/return/process,default_pattern_guess,no,GET,302,admin,
admin,backend/modules/admin/controllers/ReturnController.php,return,complete,admin/return/complete,/admin/return/complete,default_pattern_guess,no,GET,302,admin,
admin,backend/modules/admin/controllers/ReturnController.php,return,complete-step,admin/return/complete-step,/admin/return/complete-step,default_pattern_guess,no,GET,302,admin,
admin,backend/modules/admin/controllers/ReturnController.php,return,pdf,admin/return/pdf,/admin/return/pdf,default_pattern_guess,no,GET,302,admin,
admin,backend/modules/admin/controllers/ReturnController.php,return,update-step,admin/return/update-step,/admin/return/update-step,default_pattern_guess,no,GET,302,admin,
admin,backend/modules/admin/controllers/ReturnController.php,return,contract,admin/return/contract,/admin/return/contract,default_pattern_guess,no,GET,302,admin,
admin,backend/modules/admin/controllers/ReturnController.php,return,statistics,admin/return/statistics,/admin/return/statistics,default_pattern_guess,no,GET,302,admin,
admin,backend/modules/admin/controllers/ReviewController.php,review,index,admin/review/index,admin/review,explicit_rule,no,GET,302,admin,
admin,backend/modules/admin/controllers/ReviewController.php,review,view,admin/review/view,"admin/review/<id:\d+>",explicit_rule,no,GET,302,admin,
admin,backend/modules/admin/controllers/ReviewController.php,review,publish,admin/review/publish,"admin/review/<id:\d+>/publish",explicit_rule,no,GET,302,admin,
admin,backend/modules/admin/controllers/ReviewController.php,review,unpublish,admin/review/unpublish,"admin/review/<id:\d+>/unpublish",explicit_rule,no,GET,302,admin,
admin,backend/modules/admin/controllers/ReviewController.php,review,delete,admin/review/delete,"admin/review/<id:\d+>/delete",explicit_rule,no,GET,302,admin,
admin,backend/modules/admin/controllers/ReviewController.php,review,bulk-publish,admin/review/bulk-publish,/admin/review/bulk-publish,default_pattern_guess,no,GET,302,admin,
admin,backend/modules/admin/controllers/ReviewController.php,review,toggle-featured,admin/review/toggle-featured,"admin/review/<id:\d+>/toggle-featured",explicit_rule,no,GET,302,admin,
admin,backend/modules/admin/controllers/ReviewController.php,review,moderate,admin/review/moderate,/admin/review/moderate,default_pattern_guess,no,GET,302,admin,
admin,backend/modules/admin/controllers/ReviewController.php,review,respond,admin/review/respond,"admin/review/<id:\d+>/respond",explicit_rule,no,GET,302,admin,
admin,backend/modules/admin/controllers/SearchController.php,search,global,admin/search/global,admin/search,explicit_rule,no,GET,302,admin,
admin,backend/modules/admin/controllers/SearchController.php,search,orders,admin/search/orders,admin/search/orders,explicit_rule,no,GET,302,admin,
admin,backend/modules/admin/controllers/SeoController.php,seo,index,admin/seo/index,admin/seo,explicit_rule,no,GET,302,admin,
admin,backend/modules/admin/controllers/SeoController.php,seo,redirects,admin/seo/redirects,admin/seo/redirects,explicit_rule,no,GET,302,admin,
admin,backend/modules/admin/controllers/SeoController.php,seo,redirect-edit,admin/seo/redirect-edit,admin/seo/redirect-edit,explicit_rule,no,GET,302,admin,
admin,backend/modules/admin/controllers/SeoController.php,seo,redirect-delete,admin/seo/redirect-delete,"admin/seo/redirect-delete/<id:\d+>",explicit_rule,no,GET,302,admin,
admin,backend/modules/admin/controllers/SeoController.php,seo,bulk-meta,admin/seo/bulk-meta,admin/seo/bulk-meta,explicit_rule,no,GET,302,admin,
admin,backend/modules/admin/controllers/SeoController.php,seo,sitemap,admin/seo/sitemap,admin/seo/sitemap,explicit_rule,no,GET,302,admin,
admin,backend/modules/admin/controllers/SeoController.php,seo,robots,admin/seo/robots,admin/seo/robots,explicit_rule,no,GET,302,admin,
admin,backend/modules/admin/controllers/SeoController.php,seo,update-product-meta,admin/seo/update-product-meta,admin/seo/update-product-meta,explicit_rule,no,GET,302,admin,
admin,backend/modules/admin/controllers/SeoController.php,seo,alt-texts,admin/seo/alt-texts,admin/seo/alt-texts,explicit_rule,no,GET,302,admin,
admin,backend/modules/admin/controllers/SeoController.php,seo,update-image-alt,admin/seo/update-image-alt,admin/seo/update-image-alt,explicit_rule,no,GET,302,admin,
admin,backend/modules/admin/controllers/SettingsController.php,settings,index,admin/settings/index,admin/settings,explicit_rule,no,GET,302,admin,
admin,backend/modules/admin/controllers/SettingsController.php,settings,integrations,admin/settings/integrations,admin/settings/integrations,explicit_rule,no,GET,302,admin,
admin,backend/modules/admin/controllers/SettingsController.php,settings,save,admin/settings/save,admin/settings/save,explicit_rule,no,GET,302,admin,
admin,backend/modules/admin/controllers/SettingsController.php,settings,save-loyalty,admin/settings/save-loyalty,/admin/settings/save-loyalty,default_pattern_guess,no,GET,302,admin,
admin,backend/modules/admin/controllers/SettingsController.php,settings,save-company,admin/settings/save-company,/admin/settings/save-company,default_pattern_guess,no,GET,302,admin,
admin,backend/modules/admin/controllers/SettingsController.php,settings,save-ga-id,admin/settings/save-ga-id,/admin/settings/save-ga-id,default_pattern_guess,no,GET,302,admin,
admin,backend/modules/admin/controllers/SettingsController.php,settings,statuses,admin/settings/statuses,admin/settings/statuses,explicit_rule,no,GET,302,admin,
admin,backend/modules/admin/controllers/SettingsController.php,settings,save-statuses,admin/settings/save-statuses,admin/settings/save-statuses,explicit_rule,no,GET,302,admin,
admin,backend/modules/admin/controllers/SettingsController.php,settings,email-templates,admin/settings/email-templates,/admin/settings/email-templates,default_pattern_guess,no,GET,302,admin,
admin,backend/modules/admin/controllers/SettingsController.php,settings,save-email-template,admin/settings/save-email-template,/admin/settings/save-email-template,default_pattern_guess,no,GET,302,admin,
admin,backend/modules/admin/controllers/SettingsController.php,settings,test-email,admin/settings/test-email,/admin/settings/test-email,default_pattern_guess,no,GET,302,admin,
admin,backend/modules/admin/controllers/SettingsController.php,settings,test-telegram,admin/settings/test-telegram,/admin/settings/test-telegram,default_pattern_guess,no,GET,302,admin,
admin,backend/modules/admin/controllers/SettingsController.php,settings,test-moysklad,admin/settings/test-moysklad,/admin/settings/test-moysklad,default_pattern_guess,no,GET,302,admin,
admin,backend/modules/admin/controllers/SettingsController.php,settings,test-amocrm,admin/settings/test-amocrm,/admin/settings/test-amocrm,default_pattern_guess,no,GET,302,admin,
admin,backend/modules/admin/controllers/SettingsController.php,settings,payment,admin/settings/payment,/admin/settings/payment,default_pattern_guess,no,GET,302,admin,
admin,backend/modules/admin/controllers/SettingsController.php,settings,save-payment,admin/settings/save-payment,/admin/settings/save-payment,default_pattern_guess,no,GET,302,admin,
admin,backend/modules/admin/controllers/SettingsController.php,settings,seo,admin/settings/seo,/admin/settings/seo,default_pattern_guess,no,GET,302,admin,
admin,backend/modules/admin/controllers/SettingsController.php,settings,sources,admin/settings/sources,admin/order-source,explicit_rule,no,GET,302,admin,
admin,backend/modules/admin/controllers/SettingsController.php,settings,shipping,admin/settings/shipping,admin/settings/delivery,explicit_rule,no,GET,302,admin,
admin,backend/modules/admin/controllers/SettingsController.php,settings,save-shipping,admin/settings/save-shipping,admin/settings/save-shipping,explicit_rule,no,GET,302,admin,
admin,backend/modules/admin/controllers/ShippingController.php,shipping,index,admin/shipping/index,admin/delivery,explicit_rule,no,GET,302,admin,
admin,backend/modules/admin/controllers/ShippingController.php,shipping,dispatch,admin/shipping/dispatch,admin/shipment,explicit_rule,no,GET,302,admin,
admin,backend/modules/admin/controllers/ShippingController.php,shipping,mark-shipped,admin/shipping/mark-shipped,/admin/shipping/mark-shipped,default_pattern_guess,no,GET,302,admin,
admin,backend/modules/admin/controllers/SidebarMenuController.php,sidebar-menu,index,admin/sidebar-menu/index,/admin/sidebar-menu/index,default_pattern_guess,no,GET,302,admin,
admin,backend/modules/admin/controllers/SidebarMenuController.php,sidebar-menu,view,admin/sidebar-menu/view,/admin/sidebar-menu/view,default_pattern_guess,no,GET,302,admin,
admin,backend/modules/admin/controllers/SidebarMenuController.php,sidebar-menu,create,admin/sidebar-menu/create,/admin/sidebar-menu/create,default_pattern_guess,no,GET,302,admin,
admin,backend/modules/admin/controllers/SidebarMenuController.php,sidebar-menu,update,admin/sidebar-menu/update,/admin/sidebar-menu/update,default_pattern_guess,no,GET,302,admin,
admin,backend/modules/admin/controllers/SidebarMenuController.php,sidebar-menu,delete,admin/sidebar-menu/delete,/admin/sidebar-menu/delete,default_pattern_guess,no,GET,302,admin,
admin,backend/modules/admin/controllers/SidebarMenuController.php,sidebar-menu,toggle,admin/sidebar-menu/toggle,/admin/sidebar-menu/toggle,default_pattern_guess,no,GET,302,admin,
admin,backend/modules/admin/controllers/SidebarMenuController.php,sidebar-menu,sort,admin/sidebar-menu/sort,/admin/sidebar-menu/sort,default_pattern_guess,no,GET,302,admin,
admin,backend/modules/admin/controllers/SizeGridController.php,size-grid,index,admin/size-grid/index,admin/size-grid,explicit_rule,no,GET,302,admin,
admin,backend/modules/admin/controllers/SizeGridController.php,size-grid,create,admin/size-grid/create,admin/size-grid/create,explicit_rule,no,GET,302,admin,
admin,backend/modules/admin/controllers/SizeGridController.php,size-grid,update,admin/size-grid/update,/admin/size-grid/update,default_pattern_guess,no,GET,302,admin,
admin,backend/modules/admin/controllers/SizeGridController.php,size-grid,delete,admin/size-grid/delete,"admin/size-grid/<id:\d+>/delete",explicit_rule,no,GET,302,admin,
admin,backend/modules/admin/controllers/SizeGridController.php,size-grid,add-item,admin/size-grid/add-item,"admin/size-grid/<gridId:\d+>/add-item",explicit_rule,no,GET,302,admin,
admin,backend/modules/admin/controllers/SizeGridController.php,size-grid,delete-item,admin/size-grid/delete-item,"admin/size-grid/item/<id:\d+>/delete",explicit_rule,no,GET,302,admin,
admin,backend/modules/admin/controllers/StatisticsController.php,statistics,index,admin/statistics/index,admin/statistics,explicit_rule,no,GET,302,admin,
admin,backend/modules/admin/controllers/StatisticsController.php,statistics,export-csv,admin/statistics/export-csv,/admin/statistics/export-csv,default_pattern_guess,no,GET,302,admin,
admin,backend/modules/admin/controllers/TariffController.php,tariff,index,admin/tariff/index,admin/tariff,explicit_rule,no,GET,302,admin,
admin,backend/modules/admin/controllers/TariffController.php,tariff,create,admin/tariff/create,admin/tariff/create,explicit_rule,no,GET,302,admin,
admin,backend/modules/admin/controllers/TariffController.php,tariff,update,admin/tariff/update,"admin/tariff/<id:\d+>/update",explicit_rule,no,GET,302,admin,
admin,backend/modules/admin/controllers/TariffController.php,tariff,delete,admin/tariff/delete,"admin/tariff/<id:\d+>/delete",explicit_rule,no,GET,302,admin,
admin,backend/modules/admin/controllers/TariffController.php,tariff,calculate,admin/tariff/calculate,admin/tariff/calculate,explicit_rule,no,GET,302,admin,
admin,backend/modules/admin/controllers/TariffController.php,tariff,toggle,admin/tariff/toggle,"admin/tariff/<id:\d+>/toggle",explicit_rule,no,GET,302,admin,
admin,backend/modules/admin/controllers/TelegramBotController.php,telegram-bot,webhook,admin/telegram-bot/webhook,/admin/telegram-bot/webhook,default_pattern_guess,no,GET,302,admin,
admin,backend/modules/admin/controllers/TelegramBotController.php,telegram-bot,notify-status,admin/telegram-bot/notify-status,/admin/telegram-bot/notify-status,default_pattern_guess,no,GET,302,admin,
admin,backend/modules/admin/controllers/TelegramBotController.php,telegram-bot,set-webhook,admin/telegram-bot/set-webhook,/admin/telegram-bot/set-webhook,default_pattern_guess,no,GET,302,admin,
admin,backend/modules/admin/controllers/TrackingController.php,tracking,check,admin/tracking/check,/admin/tracking/check,default_pattern_guess,no,GET,302,admin,
admin,backend/modules/admin/controllers/TrackingController.php,tracking,public,admin/tracking/public,/admin/tracking/public,default_pattern_guess,no,GET,302,admin,
admin,backend/modules/admin/controllers/UserController.php,user,logists,admin/user/logists,admin/user/logists,explicit_rule,no,GET,302,admin,
admin,backend/modules/admin/controllers/UserController.php,user,index,admin/user/index,admin/user,explicit_rule,no,GET,302,admin,
admin,backend/modules/admin/controllers/UserController.php,user,create,admin/user/create,admin/user/create,explicit_rule,no,GET,302,admin,
admin,backend/modules/admin/controllers/UserController.php,user,reset-password,admin/user/reset-password,/admin/user/reset-password,default_pattern_guess,no,GET,302,admin,
admin,backend/modules/admin/controllers/UserController.php,user,toggle-block,admin/user/toggle-block,/admin/user/toggle-block,default_pattern_guess,no,GET,302,admin,
admin,backend/modules/admin/controllers/UserController.php,user,edit,admin/user/edit,/admin/user/edit,default_pattern_guess,no,GET,302,admin,
admin,backend/modules/admin/controllers/UserController.php,user,delete,admin/user/delete,"admin/user/<id:\d+>/delete",explicit_rule,no,GET,302,admin,
cart,backend/modules/cart/controllers/CartController.php,cart,index,cart/cart/index,cart,explicit_rule,no,GET,301,anon,
catalog,backend/modules/catalog/controllers/CatalogApiController.php,catalog-api,filter,catalog/catalog-api/filter,api/catalog/filter,explicit_rule,no,GET,405,anon,
catalog,backend/modules/catalog/controllers/CatalogApiController.php,catalog-api,load-more,catalog/catalog-api/load-more,api/catalog/load-more,explicit_rule,no,GET,200,anon,
catalog,backend/modules/catalog/controllers/CatalogApiController.php,catalog-api,quick-view,catalog/catalog-api/quick-view,"api/catalog/quick-view/<id:\d+>",explicit_rule,no,GET,200,anon,
catalog,backend/modules/catalog/controllers/CatalogApiController.php,catalog-api,get-brands,catalog/catalog-api/get-brands,api/catalog/get-brands,explicit_rule,no,GET,200,anon,
catalog,backend/modules/catalog/controllers/CatalogApiController.php,catalog-api,products-by-ids,catalog/catalog-api/products-by-ids,api/catalog/products-by-ids,explicit_rule,no,GET,200,anon,
catalog,backend/modules/catalog/controllers/CatalogController.php,catalog,index,catalog/catalog/index,catalog,explicit_rule,no,GET,200,anon,
catalog,backend/modules/catalog/controllers/CatalogController.php,catalog,brands,catalog/catalog/brands,brands,explicit_rule,no,GET,200,anon,
catalog,backend/modules/catalog/controllers/CatalogController.php,catalog,favorites,catalog/catalog/favorites,catalog/favorites,explicit_rule,no,GET,200,anon,
catalog,backend/modules/catalog/controllers/CatalogController.php,catalog,search,catalog/catalog/search,catalog/search,explicit_rule,no,GET,200,anon,
catalog,backend/modules/catalog/controllers/CatalogController.php,catalog,quick-view,catalog/catalog/quick-view,"catalog/quick-view/<id:\d+>",explicit_rule,no,GET,200,anon,
catalog,backend/modules/catalog/controllers/CatalogController.php,catalog,brand,catalog/catalog/brand,brands/<slug:[a-z0-9-]+>,explicit_rule,no,GET,404,anon,
catalog,backend/modules/catalog/controllers/CatalogController.php,catalog,category,catalog/catalog/category,catalog/category,explicit_rule,no,GET,400,anon,
catalog,backend/modules/catalog/controllers/CatalogController.php,catalog,product,catalog/catalog/product,catalog/product,explicit_rule,no,GET,400,anon,
catalog,backend/modules/catalog/controllers/CatalogController.php,catalog,create-inquiry,catalog/catalog/create-inquiry,/catalog/catalog/create-inquiry,default_pattern_guess,no,GET,200,anon,
catalog,backend/modules/catalog/controllers/CatalogController.php,catalog,filter,catalog/catalog/filter,"catalog/filter/<filters:[\w\-/]+>",explicit_rule,no,GET,200,anon,
catalog,backend/modules/catalog/controllers/CatalogController.php,catalog,products-by-ids,catalog/catalog/products-by-ids,/catalog/catalog/products-by-ids,default_pattern_guess,no,GET,200,anon,
catalog,backend/modules/catalog/controllers/CatalogController.php,catalog,get-brands,catalog/catalog/get-brands,/catalog/catalog/get-brands,default_pattern_guess,no,GET,200,anon,
catalog,backend/modules/catalog/controllers/CatalogController.php,catalog,load-more,catalog/catalog/load-more,catalog/load-more,explicit_rule,no,GET,200,anon,
catalog,backend/modules/catalog/controllers/CatalogController.php,catalog,history,catalog/catalog/history,catalog/history,explicit_rule,no,GET,200,anon,
catalog,backend/modules/catalog/controllers/CatalogController.php,catalog,quick-order,catalog/catalog/quick-order,catalog/quick-order,explicit_rule,no,GET,200,anon,
catalog,backend/modules/catalog/controllers/CatalogController.php,catalog,submit-review,catalog/catalog/submit-review,catalog/submit-review,explicit_rule,no,GET,200,anon,
catalog,backend/modules/catalog/controllers/CatalogController.php,catalog,submit-question,catalog/catalog/submit-question,catalog/submit-question,explicit_rule,no,GET,200,anon,
catalog,backend/modules/catalog/controllers/ReviewController.php,review,create,catalog/review/create,/catalog/review/create,default_pattern_guess,no,GET,302,anon,
catalog,backend/modules/catalog/controllers/ReviewController.php,review,list,catalog/review/list,/catalog/review/list,default_pattern_guess,no,GET,400,anon,
catalog,backend/modules/catalog/controllers/ReviewController.php,review,helpful,catalog/review/helpful,/catalog/review/helpful,default_pattern_guess,no,GET,302,anon,
catalog,backend/modules/catalog/controllers/SearchController.php,search,index,catalog/search/index,search,explicit_rule,no,GET,200,anon,
catalog,backend/modules/catalog/controllers/SearchController.php,search,ajax,catalog/search/ajax,/catalog/search/ajax,default_pattern_guess,no,GET,200,anon,
catalog,backend/modules/catalog/controllers/SearchController.php,search,tag,catalog/search/tag,/catalog/search/tag,default_pattern_guess,no,GET,400,anon,
catalog,backend/modules/catalog/controllers/SearchController.php,search,live,catalog/search/live,/catalog/search/live,default_pattern_guess,no,GET,200,anon,
catalog,backend/modules/catalog/controllers/SearchController.php,search,suggestions,catalog/search/suggestions,/catalog/search/suggestions,default_pattern_guess,no,GET,200,anon,
checkout,backend/modules/checkout/controllers/OrderController.php,order,create,checkout/order/create,/checkout/order/create,default_pattern_guess,no,GET,200,anon,
checkout,backend/modules/checkout/controllers/OrderController.php,order,success,checkout/order/success,/checkout/order/success,default_pattern_guess,no,GET,400,anon,
checkout,backend/modules/checkout/controllers/OrderController.php,order,view,checkout/order/view,/checkout/order/view,default_pattern_guess,no,GET,400,anon,
checkout,backend/modules/checkout/controllers/OrderController.php,order,validate-coupon,checkout/order/validate-coupon,/checkout/order/validate-coupon,default_pattern_guess,no,GET,200,anon,
checkout,backend/modules/checkout/controllers/OrderController.php,order,calculate-loyalty,checkout/order/calculate-loyalty,/checkout/order/calculate-loyalty,default_pattern_guess,no,GET,200,anon,
checkout,backend/modules/checkout/controllers/OrderController.php,order,upload-payment,checkout/order/upload-payment,/checkout/order/upload-payment,default_pattern_guess,no,GET,400,anon,
checkout,backend/modules/checkout/controllers/OrderController.php,order,download-payment,checkout/order/download-payment,/checkout/order/download-payment,default_pattern_guess,no,GET,400,anon,
compare,backend/modules/compare/controllers/CompareController.php,compare,index,compare/compare/index,compare,explicit_rule,no,GET,200,anon,
compare,backend/modules/compare/controllers/CompareController.php,compare,add,compare/compare/add,compare/add,explicit_rule,no,GET,200,anon,
compare,backend/modules/compare/controllers/CompareController.php,compare,remove,compare/compare/remove,compare/remove,explicit_rule,no,GET,200,anon,
compare,backend/modules/compare/controllers/CompareController.php,compare,clear,compare/compare/clear,compare/clear,explicit_rule,no,GET,200,anon,
compare,backend/modules/compare/controllers/CompareController.php,compare,count,compare/compare/count,compare/count,explicit_rule,no,GET,200,anon,
(default),frontend/controllers/AdminImportController.php,admin-import,index,admin-import/index,/admin-import/index,default_pattern_guess,no,GET,302,anon,
(default),frontend/controllers/AdminImportController.php,admin-import,run,admin-import/run,/admin-import/run,default_pattern_guess,no,GET,302,anon,
(default),frontend/controllers/AdminImportController.php,admin-import,view,admin-import/view,/admin-import/view,default_pattern_guess,no,GET,302,anon,
(default),frontend/controllers/AdminImportController.php,admin-import,errors,admin-import/errors,/admin-import/errors,default_pattern_guess,no,GET,302,anon,
(default),frontend/controllers/AdminImportController.php,admin-import,status,admin-import/status,/admin-import/status,default_pattern_guess,no,GET,302,anon,
(default),frontend/controllers/AdminImportController.php,admin-import,check-size,admin-import/check-size,/admin-import/check-size,default_pattern_guess,no,GET,302,anon,
(default),frontend/controllers/AdminImportController.php,admin-import,test-connection,admin-import/test-connection,/admin-import/test-connection,default_pattern_guess,no,GET,302,anon,
(default),frontend/controllers/BlogController.php,blog,index,blog/index,blog,explicit_rule,no,GET,200,anon,
(default),frontend/controllers/BlogController.php,blog,view,blog/view,blog/<slug:[a-z0-9-]+>,explicit_rule,no,GET,404,anon,
(default),frontend/controllers/CartController.php,cart,index,cart/index,/cart/index,default_pattern_guess,no,GET,404,anon,
(default),frontend/controllers/CartController.php,cart,add,cart/add,/cart/add,default_pattern_guess,no,GET,200,anon,
(default),frontend/controllers/CartController.php,cart,update,cart/update,/cart/update,default_pattern_guess,no,GET,422,anon,
(default),frontend/controllers/CartController.php,cart,remove,cart/remove,/cart/remove,default_pattern_guess,no,GET,404,anon,
(default),frontend/controllers/CartController.php,cart,clear,cart/clear,/cart/clear,default_pattern_guess,no,GET,200,anon,
(default),frontend/controllers/CartController.php,cart,count,cart/count,/cart/count,default_pattern_guess,no,GET,200,anon,
(default),frontend/controllers/CartController.php,cart,drawer-items,cart/drawer-items,/cart/drawer-items,default_pattern_guess,no,GET,200,anon,
(default),frontend/controllers/CartController.php,cart,has-product,cart/has-product,/cart/has-product,default_pattern_guess,no,GET,400,anon,
(default),frontend/controllers/FavoriteController.php,favorite,index,favorite/index,/favorite/index,default_pattern_guess,no,GET,302,anon,
(default),frontend/controllers/FavoriteController.php,favorite,add,favorite/add,catalog/add-favorite,explicit_rule,no,GET,200,anon,
(default),frontend/controllers/FavoriteController.php,favorite,remove,favorite/remove,catalog/remove-favorite,explicit_rule,no,GET,200,anon,
(default),frontend/controllers/FavoriteController.php,favorite,toggle,favorite/toggle,/favorite/toggle,default_pattern_guess,no,GET,200,anon,
(default),frontend/controllers/FavoriteController.php,favorite,count,favorite/count,catalog/favorites-count,explicit_rule,no,GET,200,anon,
(default),frontend/controllers/FavoriteController.php,favorite,ids,favorite/ids,/favorite/ids,default_pattern_guess,no,GET,200,anon,
(default),frontend/controllers/FavoriteController.php,favorite,merge-guest,favorite/merge-guest,favorite/merge-guest,explicit_rule,no,GET,200,anon,
(default),frontend/controllers/FavoriteController.php,favorite,clear,favorite/clear,/favorite/clear,default_pattern_guess,no,GET,200,anon,
(default),frontend/controllers/FeedbackController.php,feedback,index,feedback/index,feedback,explicit_rule,no,GET,200,anon,
(default),frontend/controllers/FeedbackController.php,feedback,submit,feedback/submit,feedback/submit,explicit_rule,no,GET,200,anon,
(default),frontend/controllers/OrderController.php,order,index,order/index,checkout,explicit_rule,no,GET,200,anon,
(default),frontend/controllers/OrderController.php,order,create,order/create,order/create,explicit_rule,no,GET,200,anon,
(default),frontend/controllers/OrderController.php,order,success,order/success,order/success/<token:[a-zA-Z0-9_-]+>,explicit_rule,no,GET,404,anon,
(default),frontend/controllers/OrderController.php,order,track,order/track,order/track/<token:[a-zA-Z0-9_-]+>,explicit_rule,no,GET,404,anon,
(default),frontend/controllers/OrderController.php,order,view,order/view,order/<token:[a-zA-Z0-9_-]+>,explicit_rule,no,GET,404,anon,
(default),frontend/controllers/OrderController.php,order,upload-payment,order/upload-payment,order/<token:[a-zA-Z0-9_-]+>/upload,explicit_rule,no,GET,404,anon,
(default),frontend/controllers/OrderController.php,order,save-passport,order/save-passport,order/save-passport,explicit_rule,no,GET,400,anon,
(default),frontend/controllers/OrderController.php,order,download-payment,order/download-payment,order/<token:[a-zA-Z0-9_-]+>/download-payment,explicit_rule,no,GET,404,anon,
(default),frontend/controllers/PageController.php,page,payment-terms,page/payment-terms,payment,explicit_rule,no,GET,200,anon,
(default),frontend/controllers/PageController.php,page,delivery-terms,page/delivery-terms,delivery,explicit_rule,no,GET,200,anon,
(default),frontend/controllers/PageController.php,page,return-policy,page/return-policy,guarantee,explicit_rule,no,GET,200,anon,
(default),frontend/controllers/PageController.php,page,privacy,page/privacy,terms,explicit_rule,no,GET,200,anon,
(default),frontend/controllers/PageController.php,page,about,page/about,loyalty,explicit_rule,no,GET,200,anon,
(default),frontend/controllers/PageController.php,page,contacts,page/contacts,faq,explicit_rule,no,GET,200,anon,
(default),frontend/controllers/PageController.php,page,sale,page/sale,sales,explicit_rule,no,GET,200,anon,
(default),frontend/controllers/SiteController.php,site,s,site/s,/site/s,default_pattern_guess,no,GET,404,anon,
(default),frontend/controllers/SiteController.php,site,index,site/index,/site/index,default_pattern_guess,no,GET,200,anon,
(default),frontend/controllers/SiteController.php,site,offer-agreement,site/offer-agreement,offer-agreement,explicit_rule,no,GET,200,anon,
(default),frontend/controllers/SiteController.php,site,payment-instruction,site/payment-instruction,payment-instruction,explicit_rule,no,GET,200,anon,
(default),frontend/controllers/SiteController.php,site,login,site/login,login,explicit_rule,no,GET,302,anon,
(default),frontend/controllers/SiteController.php,site,logout,site/logout,logout,explicit_rule,no,GET,302,anon,
(default),frontend/controllers/SitemapController.php,sitemap,index,sitemap/index,sitemap.xml,explicit_rule,no,GET,200,anon,
